run_id,broker,message_size_bytes,target_rps,warmup_seconds,duration_seconds,sent,processed,producer_errors,consumer_errors,lost,throughput_sent_msg_s,throughput_processed_msg_s,latency_avg_ms,latency_p95_ms,latency_max_ms,backlog_end,degraded,cpu_avg_perc,cpu_p95_perc,cpu_max_perc,ram_avg_mb,ram_max_mb,ram_avg_perc,ram_max_perc,timestamp_utc
rabbitmq-r1-s10240-q10000-131514012,rabbitmq,10240,10000,10,30,23558,23558,0,0,0,785.27,785.27,4.704,16.093,72.599,0,False,25.69,65.37,68.81,169.562,214.0,16.56,20.9,2026-04-21T20:04:11.998016+00:00
rabbitmq-r1-s1024-q45000-101120286,rabbitmq,1024,45000,5,20,48792,48792,0,0,0,2439.6,2439.6,8.771,57.981,81.418,0,False,51.805,73.66,87.75,161.138,206.8,15.735,20.2,2026-04-21T20:04:44.581485+00:00
redis-r1-s102400-q2000-1675921712,redis,102400,2000,5,20,1815,1815,0,0,0,90.75,90.75,22.492,35.116,75.773,0,False,16.888,72.66,79.07,142.294,251.0,13.895,24.51,2026-04-21T20:05:15.999914+00:00
redis-r1-s102400-q4000-2418611837,redis,102400,4000,5,20,1986,1986,0,0,0,99.3,99.3,20.714,31.848,57.531,0,False,25.855,98.5,101.2,151.978,267.6,14.842,26.13,2026-04-21T20:05:47.311912+00:00
rabbitmq-r1-s128-q10000-1783823605,rabbitmq,128,10000,10,30,78210,78210,0,0,0,2607.0,2607.0,13.755,70.574,179.774,0,False,67.439,100.91,102.96,161.43,205.4,15.765,20.06,2026-04-21T20:06:33.658256+00:00
rabbitmq-r1-s1024-q12000-125607763,rabbitmq,1024,12000,5,20,46670,46670,0,0,0,2333.5,2333.5,7.214,53.999,73.009,0,False,57.104,86.15,102.64,162.777,210.3,15.897,20.53,2026-04-21T20:07:05.241404+00:00
rabbitmq-r1-s128-q5000-1498129,rabbitmq,128,5000,10,30,98080,98080,0,0,0,3269.33,3269.33,11.159,65.942,116.342,0,False,68.237,102.7,103.13,165.333,214.8,16.146,20.98,2026-04-21T20:07:51.623117+00:00
redis-r1-s1024-q18000-108904620,redis,1024,18000,5,20,66406,66406,0,0,0,3320.3,3320.3,2.86,4.308,12.36,0,False,27.362,30.78,30.91,62.024,107.3,6.055,10.48,2026-04-21T20:08:24.283248+00:00
redis-r1-s1024-q1000-178921346,redis,1024,1000,10,30,30000,30000,0,0,0,1000.0,1000.0,0.278,0.413,5.632,0,False,13.103,15.38,38.33,43.62,94.09,4.26,9.19,2026-04-21T20:09:10.545309+00:00
redis-r1-s1024-q14000-420331042,redis,1024,14000,5,20,58707,58707,0,0,0,2935.35,2935.35,2.939,5.507,36.889,0,False,26.491,28.16,51.05,62.08,91.41,6.062,8.93,2026-04-21T20:09:43.048294+00:00
rabbitmq-r1-s102400-q1000-2621730398,rabbitmq,102400,1000,10,30,2813,2813,0,0,0,93.77,93.77,6836.25,11385.214,11984.597,0,True,16.585,75.08,78.66,220.067,285.5,21.491,27.88,2026-04-21T20:10:30.020223+00:00
rabbitmq-r1-s102400-q1500-18671658,rabbitmq,102400,1500,5,20,1936,1936,0,0,0,96.8,96.8,4796.17,7455.383,7878.649,0,True,10.512,25.67,48.07,216.679,261.3,21.159,25.51,2026-04-21T20:11:02.398569+00:00
redis-r1-s128-q10000-3166224520,redis,128,10000,10,30,139707,139707,0,0,0,4656.9,4656.9,2.404,3.658,15.994,0,False,35.435,40.62,48.37,23.219,34.65,2.268,3.38,2026-04-21T20:11:50.377564+00:00
rabbitmq-r1-s1024-q10000-2996125337,rabbitmq,1024,10000,10,30,67593,67593,0,0,0,2253.1,2253.1,8.646,56.805,89.288,0,False,51.805,85.49,101.28,139.371,188.0,13.61,18.36,2026-04-21T20:12:37.948364+00:00
rabbitmq-r1-s1024-q1000-78414170,rabbitmq,1024,1000,10,30,30000,30000,0,0,0,1000.0,1000.0,1.455,1.745,45.654,0,False,23.513,66.67,74.86,135.757,170.6,13.258,16.66,2026-04-21T20:13:25.528198+00:00
rabbitmq-r1-s102400-q2000-698414063,rabbitmq,102400,2000,5,20,2122,2122,0,0,0,106.1,106.1,6224.903,10038.098,10471.417,0,True,13.26,41.68,78.43,186.557,239.9,18.219,23.43,2026-04-21T20:13:58.683508+00:00
redis-r1-s102400-q5000-1534621648,redis,102400,5000,5,20,2060,2060,0,0,0,103.0,103.0,20.354,28.582,43.427,0,False,18.355,69.75,101.0,147.356,275.4,14.39,26.9,2026-04-21T20:14:31.415899+00:00
redis-r1-s1024-q5000-64212038,redis,1024,5000,10,30,92271,92271,0,0,0,3075.7,3075.7,3.805,6.869,33.12,0,False,28.844,53.4,63.27,100.648,156.4,9.83,15.28,2026-04-21T20:15:17.780462+00:00
rabbitmq-r1-s102400-q3000-612012098,rabbitmq,102400,3000,5,20,2095,2095,0,0,0,104.75,104.75,4631.309,7821.194,8174.534,0,True,10.796,12.31,85.07,174.05,230.4,16.998,22.5,2026-04-21T20:15:50.687869+00:00
redis-r1-s102400-q5000-250593702,redis,102400,5000,10,30,3041,3041,0,0,0,101.37,101.37,20.65,30.354,59.739,0,False,14.758,85.16,100.18,221.134,422.5,21.595,41.26,2026-04-21T20:16:38.590842+00:00
rabbitmq-r1-s1024-q40000-555314789,rabbitmq,1024,40000,5,20,46791,46791,0,0,0,2339.55,2339.55,6.24,52.448,86.435,0,False,53.703,79.61,102.41,141.277,188.9,13.796,18.44,2026-04-21T20:17:11.042103+00:00
redis-r1-s1024-q25000-528732749,redis,1024,25000,5,20,62899,62899,0,0,0,3144.95,3144.95,2.979,4.983,28.206,0,False,28.581,30.58,41.96,59.659,102.7,5.826,10.03,2026-04-21T20:17:42.449051+00:00
redis-r1-s1024-q45000-1775230231,redis,1024,45000,5,20,64683,64683,0,0,0,3234.15,3234.15,3.074,5.19,27.552,0,False,26.814,28.17,53.93,76.689,105.3,7.489,10.28,2026-04-21T20:18:13.865949+00:00
rabbitmq-r1-s1024-q30000-146245651,rabbitmq,1024,30000,5,20,45959,45959,0,0,0,2297.95,2297.95,9.482,58.461,75.41,0,False,52.533,67.2,92.22,135.446,161.6,13.228,15.78,2026-04-21T20:18:47.111642+00:00
redis-r1-s102400-q3000-1228427109,redis,102400,3000,5,20,2042,2042,0,0,0,102.1,102.1,19.939,29.052,54.695,0,False,9.504,19.24,71.94,146.899,272.4,14.345,26.61,2026-04-21T20:19:18.562395+00:00
redis-r1-s1024-q40000-1519528773,redis,1024,40000,5,20,65128,65128,0,0,0,3256.4,3256.4,2.913,5.054,28.139,0,False,33.031,58.48,73.54,87.501,142.7,8.547,13.94,2026-04-21T20:19:51.876824+00:00
rabbitmq-r1-s1024-q16000-16872593,rabbitmq,1024,16000,5,20,46144,46144,0,0,0,2307.2,2307.2,9.548,60.404,76.753,0,False,54.605,92.09,101.99,141.454,188.8,13.815,18.43,2026-04-21T20:20:23.160583+00:00
redis-r1-s10240-q10000-313631232,redis,10240,10000,10,30,22181,22181,0,0,0,739.37,739.37,4.342,6.665,19.384,0,False,19.316,55.73,101.51,200.409,366.1,19.571,35.75,2026-04-21T20:21:09.646815+00:00
redis-r1-s1024-q12000-215405289,redis,1024,12000,5,20,65394,65394,0,0,0,3269.7,3269.7,2.835,4.518,12.839,0,False,27.19,28.03,30.34,133.392,360.7,13.027,35.22,2026-04-21T20:21:42.121891+00:00
rabbitmq-r1-s1024-q18000-1380032725,rabbitmq,1024,18000,5,20,45835,45835,0,0,0,2291.75,2291.75,9.452,58.971,87.598,0,False,55.0,94.6,101.88,137.385,184.6,13.415,18.03,2026-04-21T20:22:13.368730+00:00
rabbitmq-r1-s102400-q4000-1895813705,rabbitmq,102400,4000,5,20,2088,2088,0,0,0,104.4,104.4,4951.27,7887.206,8223.868,0,True,14.535,42.4,75.78,185.514,242.2,18.116,23.65,2026-04-21T20:22:45.247188+00:00
rabbitmq-r1-s102400-q2500-2920710456,rabbitmq,102400,2500,5,20,2123,2123,0,0,0,106.15,106.15,6175.231,10031.628,10421.44,0,True,13.086,53.37,64.3,218.414,273.9,21.33,26.75,2026-04-21T20:23:18.592978+00:00
redis-r1-s128-q5000-2052217815,redis,128,5000,10,30,143637,143637,0,0,0,4787.9,4787.9,2.104,3.186,15.947,0,False,35.773,39.2,39.7,25.198,37.13,2.461,3.63,2026-04-21T20:24:06.480278+00:00
redis-r1-s1024-q50000-1671029627,redis,1024,50000,5,20,64052,64052,0,0,0,3202.6,3202.6,3.127,5.654,29.669,0,False,30.292,30.63,67.6,67.257,105.8,6.568,10.33,2026-04-21T20:24:39.076148+00:00
rabbitmq-r1-s1024-q5000-986220153,rabbitmq,1024,5000,10,30,68089,68089,0,0,0,2269.63,2269.63,6.913,53.209,95.635,0,False,54.259,84.27,101.81,141.152,189.2,13.783,18.47,2026-04-21T20:25:25.320109+00:00
rabbitmq-r1-s102400-q10000-629330580,rabbitmq,102400,10000,10,30,2672,2672,0,0,0,89.07,89.07,6714.943,9428.124,9832.746,0,True,15.631,71.71,86.29,219.086,324.5,21.395,31.69,2026-04-21T20:26:16.558989+00:00
redis-r1-s128-q1000-140343670,redis,128,1000,10,30,30000,30000,0,0,0,1000.0,1000.0,0.214,0.283,16.999,0,False,11.694,15.38,16.24,14.012,16.59,1.369,1.62,2026-04-21T20:27:03.783590+00:00
rabbitmq-r1-s102400-q5000-1520732062,rabbitmq,102400,5000,5,20,2092,2092,0,0,0,104.6,104.6,5279.857,8574.097,8835.129,0,True,9.681,18.76,54.32,185.821,236.7,18.148,23.12,2026-04-21T20:27:36.576182+00:00
redis-r1-s1024-q20000-1009015979,redis,1024,20000,5,20,66688,66688,0,0,0,3334.4,3334.4,2.894,5.229,31.851,0,False,32.976,55.78,75.3,63.22,109.0,6.175,10.64,2026-04-21T20:28:09.485677+00:00
rabbitmq-r1-s1024-q50000-124392262,rabbitmq,1024,50000,5,20,45215,45215,0,0,0,2260.75,2260.75,8.784,58.832,94.674,0,False,52.969,68.88,91.25,112.938,140.6,11.028,13.73,2026-04-21T20:28:40.807912+00:00
rabbitmq-r1-s1024-q25000-192327845,rabbitmq,1024,25000,5,20,46107,46107,0,0,0,2305.35,2305.35,9.025,58.158,83.674,0,False,53.263,71.83,103.84,116.285,166.4,11.355,16.25,2026-04-21T20:29:12.161338+00:00
redis-r1-s1024-q35000-3130324595,redis,1024,35000,5,20,62427,62427,0,0,0,3121.35,3121.35,3.426,6.415,31.69,0,False,33.227,66.28,67.06,59.892,102.4,5.849,10.0,2026-04-21T20:29:43.660293+00:00
rabbitmq-r1-s1024-q14000-3000823497,rabbitmq,1024,14000,5,20,46234,46234,0,0,0,2311.7,2311.7,5.654,48.818,75.953,0,False,52.698,73.24,88.55,117.777,162.1,11.502,15.83,2026-04-21T20:30:14.956572+00:00
redis-r1-s1024-q16000-54663728,redis,1024,16000,5,20,64194,64194,0,0,0,3209.7,3209.7,3.085,5.417,29.701,0,False,31.592,46.81,65.72,61.42,105.6,5.998,10.31,2026-04-21T20:30:46.365246+00:00
redis-r1-s102400-q2500-1580021101,redis,102400,2500,5,20,2045,2045,0,0,0,102.25,102.25,19.884,29.009,46.533,0,False,15.975,68.82,99.97,165.08,279.0,16.121,27.25,2026-04-21T20:31:17.784324+00:00
redis-r1-s102400-q1000-607016445,redis,102400,1000,10,30,2997,2997,0,0,0,99.9,99.9,20.928,29.744,48.425,0,False,21.211,100.33,101.06,217.01,412.0,21.192,40.24,2026-04-21T20:32:06.061212+00:00
rabbitmq-r1-s10240-q5000-1643517799,rabbitmq,10240,5000,10,30,22924,22924,0,0,0,764.13,764.13,7.837,36.688,70.434,0,False,28.14,97.41,102.12,111.771,137.0,10.916,13.38,2026-04-21T20:32:53.516941+00:00
rabbitmq-r1-s10240-q1000-181328975,rabbitmq,10240,1000,10,30,22830,22830,0,0,0,761.0,761.0,6.477,29.709,68.505,0,False,25.747,63.59,72.02,112.0,159.9,10.938,15.61,2026-04-21T20:33:41.098140+00:00
redis-r1-s10240-q5000-196411959,redis,10240,5000,10,30,23319,23319,0,0,0,777.3,777.3,4.341,6.85,19.113,0,False,15.216,49.58,73.36,209.72,381.5,20.48,37.26,2026-04-21T20:34:28.647405+00:00
redis-r1-s102400-q10000-1061624819,redis,102400,10000,10,30,3026,3026,0,0,0,100.87,100.87,20.791,29.801,46.067,0,False,13.511,100.21,100.89,273.762,424.9,26.734,41.49,2026-04-21T20:35:16.157740+00:00
redis-r1-s1024-q10000-89269582,redis,1024,10000,10,30,91889,91889,0,0,0,3062.97,3062.97,3.416,5.761,49.712,0,False,30.446,46.5,95.45,127.507,289.8,12.451,28.3,2026-04-21T20:36:03.557452+00:00
rabbitmq-r1-s1024-q20000-171082588,rabbitmq,1024,20000,5,20,46386,46386,0,0,0,2319.3,2319.3,9.617,60.118,78.837,0,False,52.446,77.96,84.19,114.308,142.9,11.163,13.96,2026-04-21T20:36:36.108088+00:00
rabbitmq-r1-s128-q1000-1864513831,rabbitmq,128,1000,10,30,30000,30000,0,0,0,1000.0,1000.0,0.968,0.587,45.938,0,False,25.319,66.96,69.24,115.614,164.9,11.29,16.1,2026-04-21T20:37:22.509390+00:00
redis-r1-s1024-q30000-181332802,redis,1024,30000,5,20,67788,67788,0,0,0,3389.4,3389.4,2.648,4.408,28.49,0,False,30.512,33.89,67.14,63.009,110.7,6.154,10.81,2026-04-21T20:37:55.063829+00:00
redis-r1-s10240-q1000-156077903,redis,10240,1000,10,30,22267,22267,0,0,0,742.23,742.23,4.432,6.976,22.353,0,False,20.084,58.73,102.25,210.685,361.0,20.575,35.25,2026-04-21T20:38:41.359343+00:00
redis-r1-s102400-q1500-3149511073,redis,102400,1500,5,20,2079,2079,0,0,0,103.95,103.95,19.945,28.569,52.014,0,False,4.49,6.89,7.2,219.614,360.9,21.445,35.24,2026-04-21T20:39:13.952373+00:00
redis-r1-s102400-q1000-207816296,redis,102400,1000,5,20,2028,2028,0,0,0,101.4,101.4,20.326,29.012,47.031,0,False,13.028,57.45,69.15,156.388,273.9,15.272,26.75,2026-04-21T20:39:47.193429+00:00
rabbitmq-r1-s1024-q35000-233346404,rabbitmq,1024,35000,5,20,46687,46687,0,0,0,2334.35,2334.35,5.602,49.181,74.207,0,False,57.052,96.68,101.24,117.654,163.3,11.491,15.95,2026-04-21T20:40:18.490473+00:00
rabbitmq-r1-s102400-q5000-302033087,rabbitmq,102400,5000,10,30,3103,3103,0,0,0,103.43,103.43,8479.487,13430.433,14002.16,0,True,14.48,55.9,92.03,198.371,295.0,19.372,28.81,2026-04-21T20:41:05.570754+00:00
rabbitmq-r1-s102400-q1000-797423602,rabbitmq,102400,1000,5,20,2093,2093,0,0,0,104.65,104.65,5513.847,8643.311,8953.604,0,True,15.588,42.57,86.08,220.457,273.0,21.529,26.66,2026-04-21T20:41:37.790742+00:00
redis-r2-s1024-q35000-1300119894,redis,1024,35000,5,20,65108,65108,0,0,0,3255.4,3255.4,3.035,5.717,30.047,0,False,28.006,30.29,66.68,63.696,106.3,6.221,10.38,2026-04-21T20:42:10.806465+00:00
redis-r2-s128-q5000-219638534,redis,128,5000,10,30,140033,140033,0,0,0,4667.77,4667.77,2.277,3.572,22.934,0,False,35.396,38.7,50.35,29.045,64.62,2.836,6.31,2026-04-21T20:42:59.115307+00:00
rabbitmq-r2-s10240-q5000-30953360,rabbitmq,10240,5000,10,30,22531,22531,0,0,0,751.03,751.03,4.863,13.973,62.739,0,False,27.129,64.86,66.09,120.229,164.3,11.741,16.05,2026-04-21T20:43:46.617631+00:00
redis-r2-s1024-q45000-36539795,redis,1024,45000,5,20,64679,64679,0,0,0,3233.95,3233.95,3.145,5.091,31.648,0,False,27.348,30.33,31.04,60.975,105.3,5.954,10.28,2026-04-21T20:44:19.217991+00:00
rabbitmq-r2-s102400-q10000-563211864,rabbitmq,102400,10000,10,30,3101,3101,0,0,0,103.37,103.37,9082.923,14347.573,14931.39,0,True,14.01,42.94,82.64,202.886,299.0,19.812,29.2,2026-04-21T20:45:06.298772+00:00
redis-r2-s1024-q50000-2181029023,redis,1024,50000,5,20,65170,65170,0,0,0,3258.5,3258.5,2.814,4.599,28.321,0,False,30.42,35.31,64.45,61.972,107.9,6.052,10.54,2026-04-21T20:45:38.071108+00:00
rabbitmq-r2-s1024-q30000-2682319842,rabbitmq,1024,30000,5,20,45918,45918,0,0,0,2295.9,2295.9,5.358,47.104,73.36,0,False,54.956,84.38,102.81,146.108,193.6,14.267,18.91,2026-04-21T20:46:09.332849+00:00
rabbitmq-r2-s102400-q1500-77634932,rabbitmq,102400,1500,5,20,2089,2089,0,0,0,104.45,104.45,5528.103,8972.291,9312.693,0,True,14.681,37.87,76.47,189.0,247.9,18.457,24.21,2026-04-21T20:46:41.212763+00:00
redis-r2-s102400-q3000-1137710701,redis,102400,3000,5,20,2064,2064,0,0,0,103.2,103.2,20.434,29.063,46.05,0,False,18.461,92.11,100.69,149.093,274.7,14.559,26.82,2026-04-21T20:47:14.064198+00:00
redis-r2-s102400-q5000-2529323880,redis,102400,5000,10,30,2964,2964,0,0,0,98.8,98.8,20.756,30.468,71.655,0,False,16.021,83.38,99.8,224.703,410.8,21.944,40.12,2026-04-21T20:48:00.408977+00:00
redis-r2-s128-q1000-214258227,redis,128,1000,10,30,30000,30000,0,0,0,1000.0,1000.0,0.208,0.278,4.608,0,False,10.866,13.53,13.78,29.18,161.5,2.85,15.77,2026-04-21T20:48:47.762182+00:00
redis-r2-s1024-q18000-1050125087,redis,1024,18000,5,20,68417,68417,0,0,0,3420.85,3420.85,2.573,4.128,10.025,0,False,26.639,27.95,28.17,63.938,110.4,6.244,10.78,2026-04-21T20:49:20.245137+00:00
redis-r2-s102400-q1500-2562519310,redis,102400,1500,5,20,2018,2018,0,0,0,100.9,100.9,19.851,28.86,49.43,0,False,10.744,31.36,70.6,156.074,274.8,15.241,26.84,2026-04-21T20:49:51.648500+00:00
redis-r2-s1024-q14000-1731831556,redis,1024,14000,5,20,65524,65524,0,0,0,3276.2,3276.2,2.851,5.092,30.027,0,False,32.113,30.86,85.67,65.072,108.0,6.352,10.54,2026-04-21T20:50:24.872129+00:00
rabbitmq-r2-s1024-q16000-1748315089,rabbitmq,1024,16000,5,20,46381,46381,0,0,0,2319.05,2319.05,14.39,63.639,252.171,0,False,52.634,72.76,87.56,141.169,172.0,13.787,16.79,2026-04-21T20:50:56.187644+00:00
rabbitmq-r2-s102400-q1000-1582331952,rabbitmq,102400,1000,10,30,3102,3102,0,0,0,103.4,103.4,8879.572,13814.131,14350.904,0,True,12.302,57.35,61.23,215.462,289.0,21.042,28.23,2026-04-21T20:51:43.205639+00:00
rabbitmq-r2-s102400-q4000-115007356,rabbitmq,102400,4000,5,20,2105,2105,0,0,0,105.25,105.25,6154.152,10009.497,10436.221,0,True,12.589,53.74,62.46,219.043,263.4,21.389,25.72,2026-04-21T20:52:15.586655+00:00
redis-r2-s1024-q16000-987314859,redis,1024,16000,5,20,64749,64749,0,0,0,3237.45,3237.45,3.223,5.879,33.73,0,False,26.931,28.71,29.6,62.583,106.8,6.113,10.43,2026-04-21T20:52:48.453808+00:00
redis-r2-s1024-q30000-2334818410,redis,1024,30000,5,20,64914,64914,0,0,0,3245.7,3245.7,3.099,4.97,28.998,0,False,28.52,31.04,39.4,74.148,106.3,7.242,10.38,2026-04-21T20:53:19.754131+00:00
rabbitmq-r2-s128-q5000-369229663,rabbitmq,128,5000,10,30,97806,97806,0,0,0,3260.2,3260.2,11.366,66.362,98.062,0,False,67.988,90.98,103.96,122.233,172.8,11.937,16.88,2026-04-21T20:54:06.070237+00:00
rabbitmq-r2-s1024-q18000-315499689,rabbitmq,1024,18000,5,20,44675,44675,0,0,0,2233.75,2233.75,8.774,57.734,78.228,0,False,52.966,63.35,97.7,117.977,141.5,11.521,13.82,2026-04-21T20:54:38.771032+00:00
redis-r2-s1024-q1000-539223547,redis,1024,1000,10,30,30000,30000,0,0,0,1000.0,1000.0,0.279,0.375,6.38,0,False,9.65,11.96,13.23,35.343,56.88,3.451,5.55,2026-04-21T20:55:25.129087+00:00
redis-r2-s102400-q10000-2031425433,redis,102400,10000,10,30,2983,2983,0,0,0,99.43,99.43,20.902,30.541,51.933,0,False,22.892,100.29,101.2,221.291,416.7,21.61,40.7,2026-04-21T20:56:12.671419+00:00
redis-r2-s102400-q1000-1392917287,redis,102400,1000,5,20,2081,2081,0,0,0,104.05,104.05,19.907,28.47,43.198,0,False,4.347,6.5,6.85,161.078,280.7,15.73,27.41,2026-04-21T20:56:45.056750+00:00
rabbitmq-r2-s1024-q12000-2488819644,rabbitmq,1024,12000,5,20,44405,44405,0,0,0,2220.25,2220.25,5.056,50.695,72.495,0,False,51.762,64.27,96.93,118.238,165.6,11.545,16.17,2026-04-21T20:57:16.329544+00:00
redis-r2-s1024-q10000-1040726049,redis,1024,10000,10,30,91348,91348,0,0,0,3044.93,3044.93,3.563,5.974,34.916,0,False,33.81,98.23,100.17,88.812,153.5,8.674,14.99,2026-04-21T20:58:02.797311+00:00
rabbitmq-r2-s102400-q5000-1526212492,rabbitmq,102400,5000,10,30,3122,3122,0,0,0,104.07,104.07,9985.574,15677.078,16317.646,0,True,16.655,63.04,93.45,204.005,284.1,19.921,27.74,2026-04-21T20:58:51.119978+00:00
redis-r2-s1024-q20000-170514686,redis,1024,20000,5,20,64048,64048,0,0,0,3202.4,3202.4,3.199,5.085,30.792,0,False,30.178,28.14,71.75,62.245,105.9,6.078,10.34,2026-04-21T20:59:22.804777+00:00
redis-r2-s128-q10000-2188613,redis,128,10000,10,30,140943,140943,0,0,0,4698.1,4698.1,2.244,3.514,30.142,0,False,37.226,50.98,54.53,33.201,90.43,3.243,8.83,2026-04-21T21:00:09.221055+00:00
redis-r2-s10240-q5000-181973179,redis,10240,5000,10,30,22319,22319,0,0,0,743.97,743.97,4.421,6.922,23.805,0,False,22.929,87.86,101.82,205.096,373.0,20.029,36.43,2026-04-21T21:00:56.715931+00:00
rabbitmq-r2-s128-q10000-1480012355,rabbitmq,128,10000,10,30,97502,97502,0,0,0,3250.07,3250.07,11.997,66.793,84.395,0,False,69.317,103.05,105.45,131.619,181.5,12.854,17.73,2026-04-21T21:01:44.210729+00:00
redis-r2-s102400-q1000-614132426,redis,102400,1000,10,30,2953,2953,0,0,0,98.43,98.43,20.793,30.581,56.918,0,False,20.134,100.84,101.72,220.038,409.5,21.488,39.99,2026-04-21T21:02:31.848107+00:00
rabbitmq-r2-s1024-q25000-1762624198,rabbitmq,1024,25000,5,20,46271,46271,0,0,0,2313.55,2313.55,8.904,56.78,78.305,0,False,54.625,91.47,100.06,128.115,176.5,12.512,17.24,2026-04-21T21:03:04.340561+00:00
redis-r2-s102400-q2500-219566682,redis,102400,2500,5,20,2008,2008,0,0,0,100.4,100.4,20.21,29.111,55.894,0,False,10.469,4.09,100.27,147.319,269.6,14.388,26.33,2026-04-21T21:03:35.835394+00:00
rabbitmq-r2-s1024-q45000-2506017703,rabbitmq,1024,45000,5,20,47151,47151,0,0,0,2357.55,2357.55,8.905,57.307,81.405,0,False,53.575,81.81,102.24,124.108,173.6,12.12,16.95,2026-04-21T21:04:09.053317+00:00
rabbitmq-r2-s10240-q10000-1959529896,rabbitmq,10240,10000,10,30,22208,22208,0,0,0,740.27,740.27,5.773,31.433,68.602,0,False,28.237,67.36,71.61,123.562,167.7,12.067,16.37,2026-04-21T21:04:55.419920+00:00
rabbitmq-r2-s102400-q5000-951012873,rabbitmq,102400,5000,5,20,2078,2078,0,0,0,103.9,103.9,5702.462,9480.458,9867.587,0,True,10.424,12.71,79.57,175.143,249.3,17.106,24.35,2026-04-21T21:05:28.405644+00:00
rabbitmq-r2-s1024-q35000-2535014962,rabbitmq,1024,35000,5,20,45074,45074,0,0,0,2253.7,2253.7,9.086,59.586,82.036,0,False,54.287,90.89,103.0,209.885,256.9,20.495,25.09,2026-04-21T21:06:01.253241+00:00
rabbitmq-r2-s128-q1000-1054526736,rabbitmq,128,1000,10,30,30000,30000,0,0,0,1000.0,1000.0,1.249,1.297,45.744,0,False,24.35,96.55,101.96,149.619,226.1,14.613,22.08,2026-04-21T21:06:47.639019+00:00
rabbitmq-r2-s1024-q1000-872711138,rabbitmq,1024,1000,10,30,30000,30000,0,0,0,1000.0,1000.0,1.084,0.775,43.174,0,False,26.642,66.9,67.51,141.962,190.6,13.863,18.61,2026-04-21T21:07:35.137513+00:00
redis-r2-s1024-q25000-153709052,redis,1024,25000,5,20,69246,69246,0,0,0,3462.3,3462.3,2.742,4.292,11.976,0,False,27.028,28.37,29.67,64.055,111.2,6.257,10.86,2026-04-21T21:08:07.618530+00:00
rabbitmq-r2-s10240-q1000-782932250,rabbitmq,10240,1000,10,30,22669,22669,0,0,0,755.63,755.63,6.995,34.523,68.744,0,False,28.337,80.51,85.67,142.143,189.8,13.881,18.54,2026-04-21T21:08:53.941800+00:00
redis-r2-s102400-q4000-32977236,redis,102400,4000,5,20,2041,2041,0,0,0,102.05,102.05,20.375,29.032,49.599,0,False,13.662,52.87,75.12,148.13,272.3,14.465,26.59,2026-04-21T21:09:26.549336+00:00
rabbitmq-r2-s1024-q50000-1499428505,rabbitmq,1024,50000,5,20,46298,46298,0,0,0,2314.9,2314.9,4.947,42.567,73.823,0,False,53.242,63.44,96.45,140.292,165.0,13.702,16.11,2026-04-21T21:09:57.792301+00:00
rabbitmq-r2-s102400-q2000-172964009,rabbitmq,102400,2000,5,20,2091,2091,0,0,0,104.55,104.55,5904.657,9799.222,10156.037,0,True,12.911,54.37,61.3,195.271,270.4,19.069,26.4,2026-04-21T21:10:29.648290+00:00
rabbitmq-r2-s102400-q3000-177682388,rabbitmq,102400,3000,5,20,2112,2112,0,0,0,105.6,105.6,5313.046,8747.947,9139.691,0,True,13.803,50.13,65.62,210.843,302.9,20.589,29.58,2026-04-21T21:11:03.023165+00:00
redis-r2-s1024-q40000-1193827015,redis,1024,40000,5,20,66322,66322,0,0,0,3316.1,3316.1,2.846,4.779,35.71,0,False,27.438,30.08,31.24,62.893,107.1,6.142,10.46,2026-04-21T21:11:35.819441+00:00
rabbitmq-r2-s1024-q14000-348115370,rabbitmq,1024,14000,5,20,46438,46438,0,0,0,2321.9,2321.9,9.505,60.359,80.864,0,False,52.934,70.88,89.16,133.938,161.4,13.081,15.77,2026-04-21T21:12:07.151713+00:00
rabbitmq-r2-s1024-q10000-2477616150,rabbitmq,1024,10000,10,30,64521,64521,0,0,0,2150.7,2150.7,6.618,54.09,83.063,0,False,51.357,89.51,102.15,137.095,187.7,13.387,18.33,2026-04-21T21:12:53.541591+00:00
redis-r2-s1024-q12000-3237715534,redis,1024,12000,5,20,64570,64570,0,0,0,3228.5,3228.5,2.774,4.426,33.848,0,False,32.448,54.47,70.88,61.617,105.9,6.018,10.34,2026-04-21T21:13:26.210260+00:00
rabbitmq-r2-s1024-q40000-2079718538,rabbitmq,1024,40000,5,20,44182,44182,0,0,0,2209.1,2209.1,9.21,59.021,76.412,0,False,53.687,70.35,102.19,136.892,184.2,13.371,17.99,2026-04-21T21:13:57.526360+00:00
redis-r2-s1024-q5000-2136931048,redis,1024,5000,10,30,92994,92994,0,0,0,3099.8,3099.8,3.525,6.029,30.848,0,False,31.482,67.71,72.28,88.496,155.9,8.643,15.23,2026-04-21T21:14:43.927074+00:00
redis-r2-s102400-q5000-10313773,redis,102400,5000,5,20,1986,1986,0,0,0,99.3,99.3,20.77,30.265,52.878,0,False,22.96,90.44,100.51,173.146,277.0,16.909,27.05,2026-04-21T21:15:16.439689+00:00
redis-r2-s102400-q2000-268061579,redis,102400,2000,5,20,2012,2012,0,0,0,100.6,100.6,19.956,28.961,47.337,0,False,12.083,47.54,50.93,166.355,275.4,16.244,26.89,2026-04-21T21:15:47.759338+00:00
redis-r2-s10240-q1000-208513865,redis,10240,1000,10,30,22987,22987,0,0,0,766.23,766.23,4.435,7.018,20.258,0,False,24.296,101.7,102.21,211.131,376.9,20.618,36.8,2026-04-21T21:16:34.143152+00:00
rabbitmq-r2-s102400-q2500-2585111014,rabbitmq,102400,2500,5,20,2101,2101,0,0,0,105.05,105.05,5197.577,8495.747,8847.096,0,True,13.336,58.01,62.36,188.693,249.5,18.429,24.37,2026-04-21T21:17:06.991033+00:00
rabbitmq-r2-s1024-q5000-2633514950,rabbitmq,1024,5000,10,30,68556,68556,0,0,0,2285.2,2285.2,9.11,58.952,81.144,0,False,52.855,92.98,101.81,185.19,234.8,18.084,22.93,2026-04-21T21:17:54.916147+00:00
rabbitmq-r2-s1024-q20000-13922516,rabbitmq,1024,20000,5,20,46670,46670,0,0,0,2333.5,2333.5,7.667,55.119,73.153,0,False,57.987,83.42,101.65,144.338,191.6,14.095,18.71,2026-04-21T21:18:27.524404+00:00
rabbitmq-r2-s102400-q1000-2360423845,rabbitmq,102400,1000,5,20,2103,2103,0,0,0,105.15,105.15,5146.35,8592.887,8962.525,0,True,14.943,29.14,89.83,181.636,240.3,17.738,23.47,2026-04-21T21:18:59.297001+00:00
redis-r2-s10240-q10000-2155116185,redis,10240,10000,10,30,23348,23348,0,0,0,778.27,778.27,4.27,6.806,31.171,0,False,14.752,14.73,101.81,211.074,381.2,20.613,37.23,2026-04-21T21:19:47.288227+00:00
redis-r3-s1024-q5000-723718591,redis,1024,5000,10,30,94093,94093,0,0,0,3136.43,3136.43,3.434,5.345,31.748,0,False,29.122,30.98,78.77,136.232,377.5,13.304,36.86,2026-04-21T21:20:34.810065+00:00
redis-r3-s1024-q14000-1730710740,redis,1024,14000,5,20,64104,64104,0,0,0,3205.2,3205.2,3.09,4.911,20.261,0,False,26.85,28.08,28.23,87.602,143.9,8.555,14.05,2026-04-21T21:21:07.372028+00:00
rabbitmq-r3-s1024-q25000-1649922867,rabbitmq,1024,25000,5,20,45693,45693,0,0,0,2284.65,2284.65,8.945,57.832,74.026,0,False,52.513,68.87,102.62,130.831,181.8,12.777,17.75,2026-04-21T21:21:38.624313+00:00
rabbitmq-r3-s1024-q18000-2297530707,rabbitmq,1024,18000,5,20,46127,46127,0,0,0,2306.35,2306.35,9.097,59.074,89.664,0,False,54.303,83.92,103.59,130.054,179.7,12.701,17.55,2026-04-21T21:22:10.050067+00:00
redis-r3-s10240-q10000-1820010848,redis,10240,10000,10,30,22976,22976,0,0,0,765.87,765.87,4.301,6.741,23.539,0,False,20.266,58.77,82.74,204.993,368.9,20.019,36.02,2026-04-21T21:22:56.457012+00:00
redis-r3-s102400-q2000-1951322082,redis,102400,2000,5,20,2030,2030,0,0,0,101.5,101.5,20.482,29.774,59.571,0,False,12.188,7.9,101.93,189.042,290.6,18.462,28.38,2026-04-21T21:23:28.950155+00:00
redis-r3-s1024-q30000-9364981,redis,1024,30000,5,20,64204,64204,0,0,0,3210.2,3210.2,3.377,5.516,31.152,0,False,29.612,40.04,50.97,72.789,111.8,7.106,10.91,2026-04-21T21:24:00.264426+00:00
rabbitmq-r3-s102400-q3000-207949548,rabbitmq,102400,3000,5,20,2062,2062,0,0,0,103.1,103.1,6156.954,9880.87,10333.184,0,True,15.227,38.55,80.51,189.107,264.8,18.468,25.86,2026-04-21T21:24:32.093490+00:00
rabbitmq-r3-s1024-q1000-2365232143,rabbitmq,1024,1000,10,30,30000,30000,0,0,0,1000.0,1000.0,1.455,1.665,46.464,0,False,25.305,97.75,107.05,181.052,290.1,17.681,28.33,2026-04-21T21:25:19.855721+00:00
redis-r3-s1024-q12000-2839932585,redis,1024,12000,5,20,66518,66518,0,0,0,3325.9,3325.9,2.879,5.449,27.296,0,False,27.662,27.9,71.27,65.629,108.6,6.408,10.6,2026-04-21T21:25:52.457892+00:00
rabbitmq-r3-s1024-q5000-266367194,rabbitmq,1024,5000,10,30,67886,67886,0,0,0,2262.87,2262.87,6.748,53.569,89.637,0,False,53.045,98.89,100.0,150.586,197.1,14.705,19.24,2026-04-21T21:26:40.722179+00:00
redis-r3-s1024-q25000-1881214818,redis,1024,25000,5,20,64544,64544,0,0,0,3227.2,3227.2,3.126,4.929,34.303,0,False,30.774,30.72,68.59,61.01,105.0,5.958,10.25,2026-04-21T21:27:13.478729+00:00
rabbitmq-r3-s128-q10000-481113868,rabbitmq,128,10000,10,30,97873,97873,0,0,0,3262.43,3262.43,8.952,63.715,98.406,0,False,71.19,96.24,102.85,154.043,202.6,15.043,19.78,2026-04-21T21:27:59.758617+00:00
rabbitmq-r3-s10240-q1000-262828254,rabbitmq,10240,1000,10,30,22695,22695,0,0,0,756.5,756.5,6.673,32.518,64.307,0,False,28.078,87.41,95.45,148.848,175.8,14.535,17.16,2026-04-21T21:28:47.431579+00:00
redis-r3-s1024-q10000-140644187,redis,1024,10000,10,30,95917,95917,0,0,0,3197.23,3197.23,3.201,5.171,29.233,0,False,28.909,30.88,78.51,91.792,161.8,8.964,15.8,2026-04-21T21:29:35.071601+00:00
rabbitmq-r3-s102400-q10000-2218210553,rabbitmq,102400,10000,10,30,3129,3129,0,0,0,104.3,104.3,9585.216,15234.066,15897.856,0,True,15.77,57.52,104.71,222.1,309.4,21.689,30.21,2026-04-21T21:30:23.473946+00:00
redis-r3-s102400-q3000-136530602,redis,102400,3000,5,20,2040,2040,0,0,0,102.0,102.0,19.863,28.488,46.707,0,False,14.301,50.92,102.02,148.557,272.7,14.509,26.63,2026-04-21T21:30:55.117367+00:00
rabbitmq-r3-s1024-q40000-2638617454,rabbitmq,1024,40000,5,20,44719,44719,0,0,0,2235.95,2235.95,5.361,49.609,82.138,0,False,52.102,76.45,83.31,121.523,150.8,11.865,14.72,2026-04-21T21:31:28.375589+00:00
redis-r3-s1024-q45000-1070915566,redis,1024,45000,5,20,62800,62800,0,0,0,3140.0,3140.0,3.228,5.556,35.078,0,False,27.167,28.06,32.7,60.327,103.1,5.892,10.07,2026-04-21T21:31:59.803954+00:00
redis-r3-s1024-q16000-29005275,redis,1024,16000,5,20,63381,63381,0,0,0,3169.05,3169.05,3.483,5.941,32.673,0,False,31.547,30.8,78.96,74.365,105.0,7.263,10.25,2026-04-21T21:32:31.195344+00:00
rabbitmq-r3-s102400-q1000-123538497,rabbitmq,102400,1000,5,20,2076,2076,0,0,0,103.8,103.8,5458.399,8906.66,9275.69,0,True,11.409,12.99,84.78,178.35,233.5,17.416,22.8,2026-04-21T21:33:02.895536+00:00
redis-r3-s1024-q50000-1150023379,redis,1024,50000,5,20,66081,66081,0,0,0,3304.05,3304.05,2.85,4.546,33.76,0,False,31.168,53.15,54.93,63.194,108.2,6.172,10.56,2026-04-21T21:33:35.784888+00:00
rabbitmq-r3-s10240-q10000-2504012554,rabbitmq,10240,10000,10,30,22765,22765,0,0,0,758.83,758.83,5.424,18.768,72.123,0,False,24.713,49.49,81.96,134.129,162.6,13.099,15.88,2026-04-21T21:34:22.112021+00:00
rabbitmq-r3-s128-q5000-1744521376,rabbitmq,128,5000,10,30,98067,98067,0,0,0,3268.9,3268.9,8.858,63.387,89.996,0,False,69.786,96.46,97.67,141.371,184.9,13.806,18.06,2026-04-21T21:35:09.620396+00:00
redis-r3-s102400-q5000-263039173,redis,102400,5000,5,20,2022,2022,0,0,0,101.1,101.1,20.209,29.73,44.696,0,False,14.229,48.94,53.07,144.44,268.4,14.106,26.21,2026-04-21T21:35:42.248937+00:00
redis-r3-s1024-q20000-199172101,redis,1024,20000,5,20,65010,65010,0,0,0,3250.5,3250.5,3.205,5.616,30.043,0,False,29.218,28.16,52.52,77.648,120.1,7.584,11.73,2026-04-21T21:36:13.537421+00:00
redis-r3-s128-q5000-3005721809,redis,128,5000,10,30,139731,139731,0,0,0,4657.7,4657.7,2.23,3.663,26.338,0,False,36.247,43.76,44.98,27.568,41.16,2.693,4.02,2026-04-21T21:36:59.971590+00:00
rabbitmq-r3-s1024-q45000-2643524153,rabbitmq,1024,45000,5,20,44125,44125,0,0,0,2206.25,2206.25,4.993,45.706,69.636,0,False,53.876,76.42,103.69,139.723,187.1,13.647,18.28,2026-04-21T21:37:32.438976+00:00
rabbitmq-r3-s1024-q50000-606029912,rabbitmq,1024,50000,5,20,46291,46291,0,0,0,2314.55,2314.55,8.481,57.553,84.6,0,False,53.431,62.31,103.34,139.931,187.6,13.665,18.32,2026-04-21T21:38:03.833465+00:00
redis-r3-s102400-q1500-152724688,redis,102400,1500,5,20,2014,2014,0,0,0,100.7,100.7,20.723,29.555,50.52,0,False,15.964,54.09,76.83,145.419,270.2,14.202,26.39,2026-04-21T21:38:35.221942+00:00
rabbitmq-r3-s102400-q4000-103802305,rabbitmq,102400,4000,5,20,2081,2081,0,0,0,104.05,104.05,5157.422,8595.822,8959.018,0,True,11.959,18.12,86.0,187.507,246.3,18.311,24.05,2026-04-21T21:39:06.967917+00:00
redis-r3-s102400-q5000-1806624625,redis,102400,5000,10,30,2969,2969,0,0,0,98.97,98.97,20.761,30.104,55.702,0,False,21.007,79.08,100.74,215.825,409.3,21.076,39.97,2026-04-21T21:39:54.842162+00:00
rabbitmq-r3-s1024-q12000-209659535,rabbitmq,1024,12000,5,20,46192,46192,0,0,0,2309.6,2309.6,5.287,50.025,74.213,0,False,51.627,79.08,81.73,140.315,177.7,13.702,17.36,2026-04-21T21:40:27.309388+00:00
redis-r3-s128-q1000-1941911313,redis,128,1000,10,30,30000,30000,0,0,0,1000.0,1000.0,0.205,0.273,3.243,0,False,10.615,12.79,13.48,13.981,16.5,1.366,1.61,2026-04-21T21:41:13.775191+00:00
rabbitmq-r3-s128-q1000-425416437,rabbitmq,128,1000,10,30,30000,30000,0,0,0,1000.0,1000.0,1.32,1.614,49.005,0,False,25.045,72.34,76.61,139.9,188.1,13.662,18.37,2026-04-21T21:42:01.172104+00:00
redis-r3-s1024-q18000-2514617711,redis,1024,18000,5,20,68417,68417,0,0,0,3420.85,3420.85,2.589,4.17,12.118,0,False,25.396,30.4,30.72,66.613,110.9,6.506,10.83,2026-04-21T21:42:33.773854+00:00
rabbitmq-r3-s1024-q35000-627527309,rabbitmq,1024,35000,5,20,44936,44936,0,0,0,2246.8,2246.8,9.418,58.322,86.929,0,False,54.8,90.81,105.77,140.385,190.7,13.71,18.62,2026-04-21T21:43:07.037841+00:00
rabbitmq-r3-s1024-q10000-2401128360,rabbitmq,1024,10000,10,30,68766,68766,0,0,0,2292.2,2292.2,8.898,56.63,82.719,0,False,54.932,102.18,103.63,144.0,193.7,14.063,18.91,2026-04-21T21:43:53.489399+00:00
rabbitmq-r3-s102400-q5000-2212413573,rabbitmq,102400,5000,10,30,3087,3087,0,0,0,102.9,102.9,9179.898,14269.838,14874.076,0,True,13.99,50.82,92.68,213.11,282.5,20.811,27.59,2026-04-21T21:44:41.709918+00:00
redis-r3-s102400-q2500-211555506,redis,102400,2500,5,20,2063,2063,0,0,0,103.15,103.15,20.208,28.859,53.325,0,False,10.046,4.18,83.81,148.346,276.1,14.487,26.97,2026-04-21T21:45:13.508804+00:00
rabbitmq-r3-s102400-q2500-199622222,rabbitmq,102400,2500,5,20,2082,2082,0,0,0,104.1,104.1,5403.027,8632.916,9065.942,0,True,12.785,48.63,69.22,185.507,269.5,18.114,26.32,2026-04-21T21:45:45.187932+00:00
rabbitmq-r3-s1024-q16000-182682222,rabbitmq,1024,16000,5,20,47019,47019,0,0,0,2350.95,2350.95,8.414,59.412,79.568,0,False,52.783,59.55,107.17,191.7,237.0,18.723,23.15,2026-04-21T21:46:18.110025+00:00
redis-r3-s10240-q1000-1519418956,redis,10240,1000,10,30,22652,22652,0,0,0,755.07,755.07,4.378,6.815,18.291,0,False,15.665,24.55,101.76,202.697,367.2,19.795,35.86,2026-04-21T21:47:04.544931+00:00
redis-r3-s102400-q1000-1599314996,redis,102400,1000,5,20,1963,1963,0,0,0,98.15,98.15,20.687,30.29,53.541,0,False,22.481,81.4,87.25,233.971,364.4,22.847,35.59,2026-04-21T21:47:37.068059+00:00
redis-r3-s102400-q4000-5167914,redis,102400,4000,5,20,2054,2054,0,0,0,102.7,102.7,20.427,29.338,52.217,0,False,9.015,34.38,39.73,160.731,277.7,15.696,27.12,2026-04-21T21:48:10.283975+00:00
rabbitmq-r3-s1024-q14000-2968810675,rabbitmq,1024,14000,5,20,44676,44676,0,0,0,2233.8,2233.8,5.079,45.604,74.781,0,False,53.053,64.01,98.7,118.062,138.0,11.53,13.47,2026-04-21T21:48:41.573642+00:00
redis-r3-s10240-q5000-1542331998,redis,10240,5000,10,30,22885,22885,0,0,0,762.83,762.83,4.272,6.558,16.412,0,False,13.361,11.05,78.09,204.908,374.5,20.01,36.57,2026-04-21T21:49:28.018042+00:00
redis-r3-s1024-q40000-17835786,redis,1024,40000,5,20,64181,64181,0,0,0,3209.05,3209.05,3.137,4.839,31.152,0,False,30.653,35.05,68.51,131.791,360.6,12.871,35.22,2026-04-21T21:50:00.525175+00:00
redis-r3-s128-q10000-3274612585,redis,128,10000,10,30,140476,140476,0,0,0,4682.53,4682.53,2.342,3.634,30.142,0,False,36.258,41.36,49.54,33.237,92.36,3.246,9.02,2026-04-21T21:50:46.876002+00:00
redis-r3-s102400-q1000-3108726704,redis,102400,1000,10,30,2936,2936,0,0,0,97.87,97.87,20.789,30.418,50.767,0,False,26.76,100.36,100.99,230.044,412.8,22.465,40.31,2026-04-21T21:51:34.391057+00:00
rabbitmq-r3-s10240-q5000-19511339,rabbitmq,10240,5000,10,30,22554,22554,0,0,0,751.8,751.8,5.531,19.814,68.364,0,False,27.056,70.22,101.02,117.133,169.3,11.438,16.53,2026-04-21T21:52:21.844030+00:00
redis-r3-s1024-q35000-227529226,redis,1024,35000,5,20,66307,66307,0,0,0,3315.35,3315.35,2.797,4.237,21.304,0,False,27.177,28.06,29.19,61.601,107.0,6.014,10.44,2026-04-21T21:52:54.389837+00:00
rabbitmq-r3-s102400-q2000-291010963,rabbitmq,102400,2000,5,20,2067,2067,0,0,0,103.35,103.35,5209.303,8517.594,8853.904,0,True,13.473,57.45,59.4,177.579,288.6,17.343,28.19,2026-04-21T21:53:26.115583+00:00
rabbitmq-r3-s102400-q1000-1692413712,rabbitmq,102400,1000,10,30,3099,3099,0,0,0,103.3,103.3,7537.914,11882.323,12391.152,0,True,16.146,60.27,92.27,228.338,306.7,22.299,29.95,2026-04-21T21:54:14.759037+00:00
rabbitmq-r3-s102400-q5000-1181812984,rabbitmq,102400,5000,5,20,2070,2070,0,0,0,103.5,103.5,5442.9,8843.365,9217.78,0,True,15.185,68.22,79.61,219.943,276.0,21.479,26.95,2026-04-21T21:54:46.996717+00:00
redis-r3-s1024-q1000-216169434,redis,1024,1000,10,30,30000,30000,0,0,0,1000.0,1000.0,0.278,0.38,3.992,0,False,8.623,11.72,12.92,35.341,56.87,3.451,5.55,2026-04-21T21:55:34.960498+00:00
rabbitmq-r3-s102400-q1500-297772668,rabbitmq,102400,1500,5,20,2125,2125,0,0,0,106.25,106.25,5973.086,9717.835,10114.825,0,True,10.49,10.61,78.85,192.693,258.9,18.818,25.28,2026-04-21T21:56:07.835751+00:00
rabbitmq-r3-s1024-q20000-2307420925,rabbitmq,1024,20000,5,20,47363,47363,0,0,0,2368.15,2368.15,9.619,59.724,80.182,0,False,51.838,65.19,92.4,202.008,243.7,19.728,23.8,2026-04-21T21:56:40.704743+00:00
rabbitmq-r3-s1024-q30000-695723281,rabbitmq,1024,30000,5,20,46280,46280,0,0,0,2314.0,2314.0,14.722,67.075,250.52,0,False,53.258,73.52,101.93,157.7,212.4,15.402,20.74,2026-04-21T21:57:12.046992+00:00
redis-r3-s102400-q10000-2907425659,redis,102400,10000,10,30,2905,2905,0,0,0,96.83,96.83,20.845,30.192,53.748,0,False,21.372,100.72,101.07,217.62,408.0,21.251,39.84,2026-04-21T21:57:58.548351+00:00
